﻿<?xml version="1.0" encoding="utf-8"?>
<!-- Copyright 2011 Bluetooth SIG, Inc. All rights reserved. -->
<Service xsi:noNamespaceSchemaLocation="http://schemas.bluetooth.org/Documents/service.xsd" xmlns:xsi="http://www.w3.org/2001/XMLSchema-instance" type="org.bluetooth.service.device_information" uuid="180A" name="Device Information" last-modified="2011-10-28" approved="Yes">
  <InformativeText>
    <Abstract>
    The Device Information Service exposes manufacturer and/or vendor information about a device.            
		</Abstract>
    <Summary>            
    This service exposes manufacturer information about a device.
    The Device Information Service is instantiated as a Primary Service.
    Only one instance of the Device Information Service is exposed on a device.
		</Summary>
  </InformativeText>
  <Dependencies>
    <Dependency>This service is not dependent upon any other services.</Dependency>
  </Dependencies>
  <Transports>
    <Classic>true</Classic>
    <LowEnergy>true</LowEnergy>
  </Transports>
  <ErrorCodes></ErrorCodes>
  <Characteristics>
    <Characteristic name="Manufacturer Name String" type="org.bluetooth.characteristic.manufacturer_name_string">
      <InformativeText>
            This characteristic represents the name of the manufacturer of the device.
          </InformativeText>
      <Requirement>Optional</Requirement>
      <Properties>
        <Read>Mandatory</Read>
        <Write>Excluded</Write>
        <WriteWithoutResponse>Excluded</WriteWithoutResponse>
        <SignedWrite>Excluded</SignedWrite>
        <ReliableWrite>Excluded</ReliableWrite>
        <Notify>Excluded</Notify>
        <Indicate>Excluded</Indicate>
        <WritableAuxiliaries>Excluded</WritableAuxiliaries>
        <Broadcast>Excluded</Broadcast>
      </Properties>
    </Characteristic>
    <Characteristic name="Model Number String" type="org.bluetooth.characteristic.model_number_string">
      <InformativeText>
            This characteristic represents the model number that is assigned by the device vendor.
          </InformativeText>
      <Requirement>Optional</Requirement>
      <Properties>
        <Read>Mandatory</Read>
        <Write>Excluded</Write>
        <WriteWithoutResponse>Excluded</WriteWithoutResponse>
        <SignedWrite>Excluded</SignedWrite>
        <ReliableWrite>Excluded</ReliableWrite>
        <Notify>Excluded</Notify>
        <Indicate>Excluded</Indicate>
        <WritableAuxiliaries>Excluded</WritableAuxiliaries>
        <Broadcast>Excluded</Broadcast>
      </Properties>
    </Characteristic>
    <Characteristic name="Serial Number String" type="org.bluetooth.characteristic.serial_number_string">
      <InformativeText>
            This characteristic represents the serial number for a particular instance of the device.
          </InformativeText>
      <Requirement>Optional</Requirement>
      <Properties>
        <Read>Mandatory</Read>
        <Write>Excluded</Write>
        <WriteWithoutResponse>Excluded</WriteWithoutResponse>
        <SignedWrite>Excluded</SignedWrite>
        <ReliableWrite>Excluded</ReliableWrite>
        <Notify>Excluded</Notify>
        <Indicate>Excluded</Indicate>
        <WritableAuxiliaries>Excluded</WritableAuxiliaries>
        <Broadcast>Excluded</Broadcast>
      </Properties>
    </Characteristic>
    <Characteristic name="Hardware Revision String" type="org.bluetooth.characteristic.hardware_revision_string">
      <InformativeText>
            This characteristic represents the hardware revision for the hardware within the device.
          </InformativeText>
      <Requirement>Optional</Requirement>
      <Properties>
        <Read>Mandatory</Read>
        <Write>Excluded</Write>
        <WriteWithoutResponse>Excluded</WriteWithoutResponse>
        <SignedWrite>Excluded</SignedWrite>
        <ReliableWrite>Excluded</ReliableWrite>
        <Notify>Excluded</Notify>
        <Indicate>Excluded</Indicate>
        <WritableAuxiliaries>Excluded</WritableAuxiliaries>
        <Broadcast>Excluded</Broadcast>
      </Properties>
    </Characteristic>
    <Characteristic name="Firmware Revision String" type="org.bluetooth.characteristic.firmware_revision_string">
      <InformativeText>
            This characteristic represents the firmware revision for the firmware within the device.
          </InformativeText>
      <Requirement>Optional</Requirement>
      <Properties>
        <Read>Mandatory</Read>
        <Write>Excluded</Write>
        <WriteWithoutResponse>Excluded</WriteWithoutResponse>
        <SignedWrite>Excluded</SignedWrite>
        <ReliableWrite>Excluded</ReliableWrite>
        <Notify>Excluded</Notify>
        <Indicate>Excluded</Indicate>
        <WritableAuxiliaries>Excluded</WritableAuxiliaries>
        <Broadcast>Excluded</Broadcast>
      </Properties>
    </Characteristic>
    <Characteristic name="Software Revision String" type="org.bluetooth.characteristic.software_revision_string">
      <InformativeText>
            This characteristic represents the software revision for the software within the device.
          </InformativeText>
      <Requirement>Optional</Requirement>
      <Properties>
        <Read>Mandatory</Read>
        <Write>Excluded</Write>
        <WriteWithoutResponse>Excluded</WriteWithoutResponse>
        <SignedWrite>Excluded</SignedWrite>
        <ReliableWrite>Excluded</ReliableWrite>
        <Notify>Excluded</Notify>
        <Indicate>Excluded</Indicate>
        <WritableAuxiliaries>Excluded</WritableAuxiliaries>
        <Broadcast>Excluded</Broadcast>
      </Properties>
    </Characteristic>
    <Characteristic name="System ID" type="org.bluetooth.characteristic.system_id">
      <InformativeText>
            This characteristic represents a structure containing an Organizationally Unique Identifier (OUI) followed by a manufacturer-defined identifier and is unique for each individual instance of the product.
          </InformativeText>
      <Requirement>Optional</Requirement>
      <Properties>
        <Read>Mandatory</Read>
        <Write>Excluded</Write>
        <WriteWithoutResponse>Excluded</WriteWithoutResponse>
        <SignedWrite>Excluded</SignedWrite>
        <ReliableWrite>Excluded</ReliableWrite>
        <Notify>Excluded</Notify>
        <Indicate>Excluded</Indicate>
        <WritableAuxiliaries>Excluded</WritableAuxiliaries>
        <Broadcast>Excluded</Broadcast>
      </Properties>
    </Characteristic>
    <Characteristic name="IEEE 11073-20601 Regulatory Certification Data List" type="org.bluetooth.characteristic.ieee_11073-20601_regulatory_certification_data_list">
      <InformativeText>
            This characteristic represents regulatory and certification information for the product in a list defined in IEEE 11073-20601.
          </InformativeText>
      <Requirement>Optional</Requirement>
      <Properties>
        <Read>Mandatory</Read>
        <Write>Excluded</Write>
        <WriteWithoutResponse>Excluded</WriteWithoutResponse>
        <SignedWrite>Excluded</SignedWrite>
        <ReliableWrite>Excluded</ReliableWrite>
        <Notify>Excluded</Notify>
        <Indicate>Excluded</Indicate>
        <WritableAuxiliaries>Excluded</WritableAuxiliaries>
        <Broadcast>Excluded</Broadcast>
      </Properties>
    </Characteristic>
    
    <Characteristic name="PnP ID" type="org.bluetooth.characteristic.pnp_id">
      <InformativeText>
            The PnP_ID characteristic is a set of values used to create a device ID value that is unique for this device.
          </InformativeText>
      <Requirement>Optional</Requirement>
      <Properties>
        <Read>Mandatory</Read>
        <Write>Excluded</Write>
        <WriteWithoutResponse>Excluded</WriteWithoutResponse>
        <SignedWrite>Excluded</SignedWrite>
        <ReliableWrite>Excluded</ReliableWrite>
        <Notify>Excluded</Notify>
        <Indicate>Excluded</Indicate>
        <WritableAuxiliaries>Excluded</WritableAuxiliaries>
        <Broadcast>Excluded</Broadcast>
      </Properties>
    </Characteristic>
  </Characteristics>
</Service>
