﻿<?xml version="1.0" encoding="UTF-8"?>
<!-- Copyright 2011 Bluetooth SIG, Inc. All rights reserved. -->
<Service xsi:noNamespaceSchemaLocation="http://schemas.bluetooth.org/Documents/service.xsd" xmlns:xsi="http://www.w3.org/2001/XMLSchema-instance" name="Next DST Change Service" type="org.bluetooth.service.next_dst_change" uuid="1807">
	<InformativeText>
     <Abstract>
           This service defines how the information about an upcoming DST change can be exposed using the Generic Attribute Profile (GATT).
		</Abstract>
        <Summary>            
            This service enables a Bluetooth device that has knowledge about the next occurrence of a DST change to expose this information to another Bluetooth device.
		</Summary>
	</InformativeText>
	<Dependencies>
		<Dependency>This service has no dependencies on other GATT-based services.</Dependency>
	</Dependencies>
	<Transports>
		<Classic>false</Classic>
		<LowEnergy>true</LowEnergy>
	</Transports>
	<ErrorCodes>
	</ErrorCodes>
	<Characteristics>
		<Characteristic name="Time with DST" type="org.bluetooth.characteristic.time_with_dst">
			<Requirement>Mandatory</Requirement>
			<Properties>
				<Read>Mandatory</Read>
				<Write>Excluded</Write>
				<WriteWithoutResponse>Excluded</WriteWithoutResponse>
				<SignedWrite>Excluded</SignedWrite>
				<ReliableWrite>Excluded</ReliableWrite>
				<Notify>Excluded</Notify>
				<Indicate>Excluded</Indicate>
				<WritableAuxiliaries>Excluded</WritableAuxiliaries>
				<Broadcast>Excluded</Broadcast>
			</Properties>
		</Characteristic>
	</Characteristics>
</Service>
