{
  // ACTION REQUIRED: This file was automatically added to your project, but it
  // will not take effect until additional steps are taken to enable it. See the
  // following page for additional information:
  //
  // https://github.com/DotNetAnalyzers/StyleCopAnalyzers/blob/master/documentation/EnableConfiguration.md
  //

  "$schema": "https://raw.githubusercontent.com/DotNetAnalyzers/StyleCopAnalyzers/master/StyleCop.Analyzers/StyleCop.Analyzers/Settings/stylecop.schema.json",
  "settings": {
    "documentationRules": {
      "companyName": "Xeno Innovations, Inc.",
      "copyrightText": "Copyright (c) {companyName}. All rights reserved.\r\n\r\nReproduction or transmission in whole or in part, in\r\nany form or by any means, electronic, mechanical, or otherwise, is\r\nprohibited without the prior written consent of the copyright owner."
    },
    "orderingRules": {
      "systemUsingDirectivesFirst": true,
      "usingDirectivesPlacement": "outsideNamespace"
    },
    "layoutRules": {
      "allowConsecutiveUsings": false,
      "newlineAtEndOfFile": "allow"
    }
  }
}
