<?xml version="1.0" encoding="utf-8"?>
<!-- Copyright 2016 Silicon Labs, http://www.silabs.com -->
<Characteristic
    xsi:noNamespaceSchemaLocation="http://schemas.bluetooth.org/Documents/characteristic.xsd"
    xmlns:xsi="http://www.w3.org/2001/XMLSchema-instance" name="Mesh Provisioning Data Out" type="org.bluetooth.characteristic.mesh_provisioning_data_out" uuid="2adc" last-modified="2018-01-15">
    <InformativeText>
        <Abstract>The Mesh Provisioning Data Out characteristic can be notified to send a Proxy PDU message containing Provisioning PDU from a Provisioning Server to a Provisioning Client.</Abstract>
    </InformativeText>
    <Value>
        <Field name="Data Out">
            <Requirement>Mandatory</Requirement>
            <Format>uint8</Format>
        </Field>
    </Value>
</Characteristic>