﻿<?xml version="1.0" encoding="UTF-8"?>
<!--
 Copyright 2011 Bluetooth SIG, Inc. All rights reserved.
-->
<Characteristic xmlns:xsi="http://www.w3.org/2001/XMLSchema-instance" xsi:noNamespaceSchemaLocation="http://schemas.bluetooth.org/Documents/characteristic.xsd" type="org.bluetooth.characteristic.temperature_celsius" uuid="2A1F" name="Temperature Celsius">
    <InformativeText> </InformativeText>
    <Value>
        <Field name="Temperature">
            <Requirement>Mandatory</Requirement>
            <Format>sint16</Format>
            <Unit>
                org.bluetooth.unit.thermodynamic_temperature.degree_celsius
            </Unit>
            <DecimalExponent>-1</DecimalExponent>
            <Minimum>-2732</Minimum>
        </Field>
    </Value>
</Characteristic>