﻿<?xml version="1.0" encoding="UTF-8"?>
<!--Copyright 2014 Bluetooth SIG, Inc. All rights reserved.-->
<Characteristic xsi:noNamespaceSchemaLocation="http://schemas.bluetooth.org/Documents/characteristic.xsd" xmlns:xsi="http://www.w3.org/2001/XMLSchema-instance" name="Maximum Recommended Heart Rate" type="org.bluetooth.characteristic.maximum_recommended_heart_rate" uuid="2A91" last-modified="2014-06-10" approved="Yes">
    <InformativeText>
        <Abstract>Maximum recommended heart rate is a threshold that may be set to limit exertion. The maximum recommended heart rate is smaller or equal to the maximal heart rate a user can reach.</Abstract>
	</InformativeText>
    <Value>
    <Field name="Maximum Recommended Heart Rate">
        <InformativeText>
            The Unit is beats per minute with a resolution of 1
		</InformativeText>
        <Requirement>Mandatory</Requirement>
        <Format>uint8</Format>
        <Unit>org.bluetooth.unit.period.beats_per_minute</Unit>
        <DecimalExponent>0</DecimalExponent>
    </Field>
	</Value>
</Characteristic>
