﻿<?xml version="1.0" encoding="UTF-8"?>
<!--Copyright 2014 Bluetooth SIG, Inc. All rights reserved.-->
<Characteristic xsi:noNamespaceSchemaLocation="http://schemas.bluetooth.org/Documents/characteristic.xsd" xmlns:xsi="http://www.w3.org/2001/XMLSchema-instance" 
name="Temperature" type="org.bluetooth.characteristic.temperature" uuid="2A6E" last-modified="2014-11-20" approved="Yes">
    <Value>
    <Field name="Temperature">
        <InformativeText>Unit is in degrees Celsius with a resolution of 0.01 degrees Celsius</InformativeText>
        <Requirement>Mandatory</Requirement>
        <Format>sint16</Format>
        <Unit>org.bluetooth.unit.thermodynamic_temperature.degree_celsius</Unit>
        <DecimalExponent>-2</DecimalExponent>
	</Field>
    </Value>
</Characteristic>
