﻿<?xml version="1.0" encoding="UTF-8"?>
<!--
 Copyright 2011 Bluetooth SIG, Inc. All rights reserved.
-->
<Characteristic xmlns:xsi="http://www.w3.org/2001/XMLSchema-instance" xsi:noNamespaceSchemaLocation="http://schemas.bluetooth.org/Documents/characteristic.xsd" type="org.bluetooth.characteristic.position_2d" uuid="2A2F" name="Position 2D">
    <InformativeText> </InformativeText>
    <Value>
        <Field name="Latitude">
            <Requirement>Mandatory</Requirement>
            <Reference> org.bluetooth.characteristic.latitude </Reference>
        </Field>
        <Field name="Longitude">
            <Requirement>Mandatory</Requirement>
            <Reference> org.bluetooth.characteristic.longitude </Reference>
        </Field>
    </Value>
</Characteristic>