﻿<?xml version="1.0" encoding="UTF-8"?>
<!--
Copyright 2015 Bluetooth SIG, Inc. All rights reserved.
-->
<Characteristic xmlns:xsi="http://www.w3.org/2001/XMLSchema-instance" xsi:noNamespaceSchemaLocation="http://schemas.bluetooth.org/Documents/characteristic.xsd" name="Object ID" type="org.bluetooth.characteristic.object_id" uuid="2AC3" last-modified="2015-11-23" approved="Yes">
    <Value>
        <Field name="Object ID">
            <Requirement>Mandatory</Requirement>
            <Format>uint48</Format>
            <DecimalExponent>0</DecimalExponent>
            <Enumerations>
                <Enumeration key="0" value="Reserved for the Directory Listing Object"/>
                <ReservedForFutureUse start="1" end="255"/>
                <VendorSpecific start="256" end="281474976710655"/>
            </Enumerations>
        </Field>
    </Value>
    <Note>
        <p>
            The fields in the above table, reading from top to bottom, are shown in the order of LSO to MSO, where LSO = Least Significant Octet and MSO = Most Significant Octet.
        </p>
    </Note>
</Characteristic>