﻿<?xml version="1.0" encoding="utf-8"?>
<!-- Copyright 2011 Bluetooth SIG, Inc. All rights reserved. -->
<Characteristic xsi:noNamespaceSchemaLocation="http://schemas.bluetooth.org/Documents/characteristic.xsd" xmlns:xsi="http://www.w3.org/2001/XMLSchema-instance" type="org.bluetooth.characteristic.boot_keyboard_output_report" name="Boot Keyboard Output Report" uuid="2A32" last-modified="2011-11-14" approved="Yes">
    <InformativeText>
        <Summary>
            The Boot Keyboard Output Report characteristic is used to transfer fixed format and length Output Report data between a HID Host operating in Boot Protocol Mode and a HID Service corresponding to a boot keyboard.
        </Summary>
    </InformativeText>
    <Value>
        <Field name="Boot Keyboard Output Report Value">
            <Requirement>Mandatory</Requirement>
            <Format>uint8</Format>
            <Repeated>true</Repeated>
        </Field>
    </Value>
</Characteristic>
