﻿<?xml version="1.0" encoding="UTF-8"?>
<!--Copyright 2014 Bluetooth SIG, Inc. All rights reserved.-->
<Characteristic xsi:noNamespaceSchemaLocation="http://schemas.bluetooth.org/Documents/characteristic.xsd" xmlns:xsi="http://www.w3.org/2001/XMLSchema-instance" name="Waist Circumference" type="org.bluetooth.characteristic.waist_circumference" uuid="2A97" last-modified="2014-06-10" approved="Yes">
    <InformativeText>
        <Abstract>Used with the Hip Circumference value to calculate the Waist to Hip Ratio (WHR)</Abstract>
	</InformativeText>
    <Value>
    <Field name="Waist Circumference">
        <InformativeText>
            Unit is in meters with a resolution of 0.01
		</InformativeText>
        <Requirement>Mandatory</Requirement>
        <Format>uint16</Format>
        <Unit>org.bluetooth.unit.length.meter</Unit>
        <DecimalExponent>-2</DecimalExponent>
    </Field>
	</Value>
</Characteristic>
