<?xml version="1.0" encoding="utf-8"?>
<!-- Copyright 2016 Silicon Labs, http://www.silabs.com -->
<Characteristic
    xsi:noNamespaceSchemaLocation="http://schemas.bluetooth.org/Documents/characteristic.xsd"
    xmlns:xsi="http://www.w3.org/2001/XMLSchema-instance" name="Mesh Provisioning Data In" type="org.bluetooth.characteristic.mesh_provisioning_data_in" uuid="2adb" last-modified="2018-01-15">
    <InformativeText>
        <Abstract>The Mesh Provisioning Data In characteristic can be written to send a Proxy PDU message containing Provisioning PDU to the Provisioning Server.</Abstract>
    </InformativeText>
    <Value>
        <Field name="Data In">
            <Requirement>Mandatory</Requirement>
            <Format>uint8</Format>
        </Field>
    </Value>
</Characteristic>