﻿<?xml version="1.0" encoding="UTF-8"?>
<!--Copyright 2015 Bluetooth SIG, Inc. All rights reserved.-->
<Characteristic xsi:noNamespaceSchemaLocation="http://schemas.bluetooth.org/Documents/characteristic.xsd" xmlns:xsi="http://www.w3.org/2001/XMLSchema-instance" type="org.bluetooth.characteristic.latitude"
	uuid="2AAE" name="Latitude" last-modified="2015-05-19" approved="Yes">
	<InformativeText>
		<Abstract>The Latitude characteristic describes the WGS84 North coordinate of the device.</Abstract>
	</InformativeText>
	<Value>
		<Field name="Latitude">
			<Requirement>Mandatory</Requirement>
			<Format>sint32</Format>
		</Field>
	</Value>
</Characteristic>
