﻿<?xml version="1.0" encoding="UTF-8"?>
<!--
Copyright 2017 Bluetooth SIG, Inc. All rights reserved.
-->
<Characteristic xmlns:xsi="http://www.w3.org/2001/XMLSchema-instance" xsi:noNamespaceSchemaLocation="http://schemas.bluetooth.org/Documents/characteristic.xsd" name="Supported Speed Range" type="org.bluetooth.characteristic.supported_speed_range" uuid="2AD4" last-modified="2017-02-14" approved="Yes">
    <InformativeText>
        <Summary>
            The Supported Speed Range characteristic is used to send the supported speed range as well as the minimum speed increment supported by the Server.
        </Summary>
    </InformativeText>
    <Value>
        <Field name="Minimum Speed">
            <InformativeText>Kilometer per hour with a resolution of 0.01</InformativeText>
            <Requirement>Mandatory</Requirement>
            <Format>uint16</Format>
            <Unit>org.bluetooth.unit.velocity.kilometre_per_hour</Unit>
            <DecimalExponent>-2</DecimalExponent>
        </Field>
        <Field name="Maximum Speed">
            <InformativeText>Kilometer per hour with a resolution of 0.01</InformativeText>
            <Requirement>Mandatory</Requirement>
            <Format>uint16</Format>
            <Unit>org.bluetooth.unit.velocity.kilometre_per_hour</Unit>
            <DecimalExponent>-2</DecimalExponent>
        </Field>
        <Field name="Minimum Increment">
            <InformativeText>Meters per second with a resolution of 0.01</InformativeText>
            <Requirement>Mandatory</Requirement>
            <Format>uint16</Format>
            <Unit>org.bluetooth.unit.velocity.kilometre_per_hour</Unit>
            <DecimalExponent>-2</DecimalExponent>
        </Field>
    </Value>
</Characteristic>