﻿<?xml version="1.0" encoding="UTF-8"?>
<!--
Copyright 2015 Bluetooth SIG, Inc. All rights reserved.
-->
<Characteristic xmlns:xsi="http://www.w3.org/2001/XMLSchema-instance" xsi:noNamespaceSchemaLocation="http://schemas.bluetooth.org/Documents/characteristic.xsd" name="Object First-Created" type="org.bluetooth.characteristic.object_first_created" uuid="2AC1" last-modified="2015-11-23" approved="yes">
    <Value>
        <Field name="Object First-Created">
            <Requirement>Mandatory</Requirement>
            <Reference>org.bluetooth.characteristic.date_time</Reference>
        </Field>
    </Value>
    <Note>
        <p>
            The fields in the above table, reading from top to bottom, are shown in the order of LSO to MSO, where LSO = Least Significant Octet and MSO = Most Significant Octet. Data Type: Same format as the Date Time characteristic
        </p>
    </Note>
</Characteristic>